,Customer_id,Product_id,product_visit,Days_in_cart,Viewd_in_cart,Price,Transcation_amount,discount_offered,Warranty,Warranty_period,Product_age
0,1,3,5,13,3,47192,44832,5,1,10,2
1,2,1,5,35,14,89528,68936,23,0,0,34
2,3,2,7,51,20,86114,75780,12,0,0,18
3,4,3,3,24,7,47192,39169,17,0,0,29
4,5,4,7,36,10,33668,29627,12,0,0,36
5,6,4,7,24,7,33668,27271,19,1,10,2
6,7,3,4,17,5,47192,36337,23,0,0,16
7,8,3,6,15,4,47192,38225,19,1,8,4
8,9,3,6,24,7,47192,44832,5,0,0,31
9,10,3,9,44,17,47192,44832,5,0,0,24
10,11,3,6,21,6,47192,38225,19,0,0,29
11,12,4,6,33,9,33668,29627,12,1,2,10
12,13,2,6,45,18,86114,75780,12,1,6,6
13,14,3,6,22,6,47192,44832,5,0,0,15
14,15,3,5,12,3,47192,41528,12,0,0,26
15,16,0,7,52,20,56323,45621,19,0,0,34
16,17,0,7,51,20,56323,45621,19,0,0,19
17,18,2,3,35,10,86114,69752,19,1,3,9
18,19,1,6,42,16,89528,72517,19,0,0,39
19,20,3,8,11,3,47192,38225,19,1,11,1
20,21,3,4,19,5,47192,44832,5,0,0,29
21,22,4,8,29,8,33668,27944,17,0,0,36
22,23,1,8,49,19,89528,72517,19,1,3,9
23,24,4,7,23,6,33668,29627,12,0,0,18
24,25,3,6,34,10,47192,36337,23,1,9,3
25,26,5,5,4,1,78227,63363,19,1,5,7
26,27,0,9,55,22,56323,45621,19,1,4,8
27,28,1,6,40,16,89528,68936,23,1,4,8
28,29,4,1,13,3,33668,29627,12,1,4,8
29,30,4,4,24,7,33668,31984,5,0,0,33
30,31,1,4,50,20,89528,74308,17,1,8,4
31,32,4,3,5,1,33668,27944,17,1,9,3
32,33,2,3,28,11,86114,75780,12,1,7,5
33,34,5,1,20,6,78227,68839,12,0,0,13
34,35,4,3,5,1,33668,31984,5,1,6,6
35,36,3,7,25,7,47192,44832,5,1,2,10
36,37,4,6,9,2,33668,31984,5,0,0,27
37,38,3,6,12,3,47192,44832,5,0,0,31
38,39,4,3,27,8,33668,27944,17,0,0,25
39,40,5,6,30,9,78227,74315,5,1,11,1
40,41,2,6,39,15,86114,71474,17,0,0,18
41,42,1,6,31,12,89528,72517,19,1,8,4
42,43,4,5,24,7,33668,27271,19,0,0,30
43,44,2,4,29,8,86114,75780,12,0,0,31
44,45,2,4,33,13,86114,75780,12,0,0,23
45,46,4,8,39,11,33668,25924,23,0,0,16
46,47,3,8,13,3,47192,39169,17,0,0,13
47,48,1,4,49,19,89528,85051,5,0,0,22
48,49,4,5,3,0,33668,31984,5,1,6,6
49,50,4,5,8,2,33668,31984,5,0,0,31
50,51,0,5,54,21,56323,53506,5,1,12,0
51,52,0,5,31,12,56323,43368,23,1,0,12
52,53,5,1,14,4,78227,64928,17,1,0,12
53,54,2,6,13,3,86114,69752,19,0,0,22
54,55,5,6,5,1,78227,74315,5,0,0,31
55,56,2,6,27,10,86114,66307,23,1,9,3
56,57,3,7,31,9,47192,39169,17,1,8,4
57,58,4,3,3,0,33668,27944,17,0,0,15
58,59,4,8,38,11,33668,27944,17,1,11,1
59,60,5,1,21,6,78227,63363,19,1,11,1
60,61,2,9,50,20,86114,75780,12,0,0,29
61,62,4,6,22,6,33668,27944,17,1,12,0
62,63,1,6,52,20,89528,85051,5,0,0,29
63,64,2,9,56,22,86114,66307,23,1,12,0
64,65,4,1,28,8,33668,25924,23,0,0,32
65,66,3,7,49,19,47192,38225,19,0,0,27
66,67,1,7,50,20,89528,72517,19,0,0,21
67,68,3,9,44,17,47192,38225,19,1,0,12
68,69,2,9,41,16,86114,81808,5,1,2,10
69,70,5,3,22,6,78227,63363,19,0,0,36
70,71,4,6,24,7,33668,27944,17,0,0,23
71,72,4,6,12,3,33668,27944,17,1,1,11
72,73,4,5,1,0,33668,27944,17,0,0,25
73,74,2,4,53,21,86114,81808,5,1,10,2
74,75,5,3,26,7,78227,74315,5,1,5,7
75,76,2,6,55,22,86114,75780,12,1,8,4
76,77,0,6,28,11,56323,43368,23,1,12,0
77,78,0,10,51,20,56323,49564,12,1,8,4
78,79,1,10,26,10,89528,78784,12,1,0,12
79,80,2,3,23,6,86114,66307,23,0,0,28
80,81,4,5,13,3,33668,27271,19,1,10,2
81,82,3,6,35,10,47192,36337,23,1,11,1
82,83,1,6,40,16,89528,68936,23,0,0,32
83,84,3,3,21,6,47192,38225,19,0,0,39
84,85,2,9,44,17,86114,69752,19,1,9,3
85,86,3,7,53,21,47192,36337,23,1,4,8
86,87,3,8,15,4,47192,36337,23,1,9,3
87,88,2,8,16,4,86114,69752,19,0,0,37
88,89,1,7,55,22,89528,74308,17,1,7,5
89,90,1,4,44,17,89528,68936,23,1,1,11
90,91,4,6,5,1,33668,29627,12,1,3,9
91,92,5,6,17,5,78227,60234,23,0,0,24
92,93,3,3,33,9,47192,39169,17,0,0,38
93,94,4,6,22,6,33668,29627,12,0,0,32
94,95,3,6,18,5,47192,36337,23,1,3,9
95,96,3,6,19,5,47192,38225,19,1,3,9
96,97,4,3,16,4,33668,25924,23,1,3,9
97,98,5,1,30,9,78227,64928,17,1,2,10
98,99,1,1,41,16,89528,72517,19,0,0,13
99,100,5,3,11,3,78227,63363,19,1,6,6
100,101,3,3,16,4,47192,39169,17,1,6,6
101,102,0,4,44,17,56323,46748,17,0,0,14
102,103,0,4,41,16,56323,53506,5,0,0,33
103,104,0,4,49,19,56323,45621,19,1,4,8
104,105,4,8,26,7,33668,29627,12,1,7,5
105,106,3,1,5,1,47192,41528,12,0,0,33
106,107,5,5,19,5,78227,74315,5,1,2,10
107,108,2,5,46,18,86114,66307,23,0,0,37
108,109,2,4,19,5,86114,69752,19,1,4,8
109,110,1,4,31,12,89528,78784,12,1,3,9
110,111,3,3,33,9,47192,44832,5,1,0,12
111,112,4,1,27,8,33668,29627,12,0,0,24
112,113,1,1,52,20,89528,68936,23,0,0,38
113,114,3,6,27,8,47192,41528,12,1,0,12
114,115,0,6,40,16,56323,53506,5,0,0,32
115,116,3,7,16,4,47192,41528,12,1,12,0
116,117,1,7,46,18,89528,68936,23,0,0,37
117,118,4,3,13,3,33668,29627,12,0,0,24
118,119,4,5,24,7,33668,27944,17,0,0,15
119,120,3,3,11,3,47192,44832,5,0,0,37
120,121,3,4,46,18,47192,44832,5,0,0,15
121,122,3,7,17,5,47192,44832,5,1,2,10
122,123,3,3,12,3,47192,38225,19,1,11,1
123,124,4,5,27,8,33668,27271,19,1,6,6
124,125,0,5,36,14,56323,49564,12,1,11,1
125,126,3,6,29,8,47192,38225,19,1,4,8
126,127,0,9,60,24,56323,46748,17,1,3,9
127,128,1,9,57,22,89528,78784,12,0,0,15
128,129,2,6,40,16,86114,71474,17,1,10,2
129,130,4,6,24,7,33668,25924,23,0,0,34
130,131,2,3,22,6,86114,69752,19,0,0,15
131,132,4,6,21,6,33668,27944,17,1,4,8
132,133,2,3,35,10,86114,75780,12,0,0,16
133,134,1,6,60,24,89528,74308,17,1,4,8
134,135,4,7,11,3,33668,27271,19,0,0,35
135,136,3,1,7,2,47192,38225,19,1,11,1
136,137,5,5,21,6,78227,60234,23,0,0,23
137,138,2,5,43,17,86114,75780,12,0,0,13
138,139,4,5,22,6,33668,29627,12,0,0,15
139,140,2,5,46,18,86114,69752,19,1,0,12
140,141,3,9,40,16,47192,36337,23,0,0,14
141,142,3,1,7,2,47192,39169,17,0,0,39
142,143,3,1,28,8,47192,39169,17,0,0,13
143,144,4,3,22,6,33668,25924,23,0,0,29
144,145,2,9,49,19,86114,71474,17,1,10,2
145,146,5,1,26,7,78227,60234,23,0,0,22
146,147,4,5,3,0,33668,31984,5,0,0,20
147,148,4,3,27,8,33668,31984,5,0,0,35
148,149,3,7,36,10,47192,38225,19,0,0,28
149,150,1,9,58,23,89528,68936,23,0,0,13
150,151,0,9,38,15,56323,45621,19,0,0,31
151,152,5,1,12,3,78227,68839,12,1,2,10
152,153,3,6,21,6,47192,38225,19,1,3,9
153,154,2,6,42,16,86114,71474,17,0,0,19
154,155,1,6,41,16,89528,74308,17,0,0,18
155,156,4,6,20,6,33668,25924,23,1,9,3
156,157,3,5,17,5,47192,36337,23,0,0,34
157,158,3,4,10,3,47192,44832,5,1,4,8
158,159,4,3,24,7,33668,27271,19,0,0,36
159,160,3,3,9,2,47192,41528,12,0,0,32
160,161,4,1,16,4,33668,27944,17,1,11,1
161,162,2,1,25,10,86114,71474,17,0,0,28
162,163,0,1,50,20,56323,49564,12,0,0,34
163,164,4,3,19,5,33668,27271,19,1,6,6
164,165,5,1,20,6,78227,74315,5,0,0,20
165,166,0,9,43,17,56323,43368,23,1,8,4
166,167,1,9,34,13,89528,74308,17,0,0,24
167,168,2,6,10,3,86114,71474,17,1,7,5
168,169,5,5,13,3,78227,60234,23,1,1,11
169,170,2,7,36,10,86114,81808,5,1,2,10
170,171,2,8,35,10,86114,69752,19,0,0,29
171,172,4,3,37,11,33668,31984,5,0,0,14
172,173,1,3,33,13,89528,85051,5,0,0,37
173,174,3,5,25,7,47192,39169,17,0,0,20
174,175,3,4,37,11,47192,38225,19,0,0,25
175,176,3,3,5,1,47192,38225,19,0,0,29
176,177,5,6,28,8,78227,60234,23,1,11,1
177,178,5,5,23,6,78227,63363,19,0,0,24
178,179,3,6,12,3,47192,36337,23,1,12,0
179,180,2,6,46,18,86114,66307,23,0,0,15
180,181,4,6,25,7,33668,27944,17,0,0,25
181,182,2,7,42,16,86114,81808,5,0,0,30
182,183,3,9,44,17,47192,39169,17,1,9,3
183,184,2,6,40,12,86114,69752,19,0,0,21
184,185,0,4,58,23,56323,49564,12,0,0,35
185,186,3,3,26,7,47192,36337,23,1,7,5
186,187,2,3,36,14,86114,81808,5,1,6,6
187,188,4,4,12,3,33668,27271,19,0,0,24
188,189,4,6,24,7,33668,25924,23,0,0,28
189,190,3,5,13,3,47192,41528,12,0,0,29
190,191,5,1,6,1,78227,60234,23,0,0,39
191,192,3,1,22,6,47192,38225,19,1,5,7
192,193,2,8,23,6,86114,75780,12,0,0,13
193,194,1,10,42,16,89528,78784,12,1,10,2
194,195,5,5,20,6,78227,64928,17,1,0,12
195,196,5,3,7,2,78227,68839,12,1,1,11
196,197,3,3,2,0,47192,39169,17,0,0,25
197,198,0,3,44,17,56323,43368,23,0,0,14
198,199,1,10,55,22,89528,78784,12,1,2,10
199,200,4,5,19,5,33668,25924,23,0,0,23
200,201,2,6,40,12,86114,75780,12,1,3,9
201,202,2,6,60,24,86114,66307,23,1,6,6
202,203,3,6,20,6,47192,39169,17,1,6,6
203,204,2,6,14,4,86114,81808,5,0,0,15
204,205,2,4,51,20,86114,71474,17,1,5,7
205,206,3,5,10,3,47192,38225,19,1,3,9
206,207,3,7,23,6,47192,44832,5,0,0,39
207,208,2,6,30,9,86114,75780,12,0,0,38
208,209,1,6,45,18,89528,68936,23,0,0,26
209,210,0,10,48,19,56323,49564,12,0,0,26
210,211,2,3,20,6,86114,71474,17,0,0,27
211,212,3,5,19,5,47192,39169,17,1,1,11
212,213,3,8,22,6,47192,36337,23,0,0,28
213,214,0,8,45,18,56323,49564,12,0,0,30
214,215,3,3,17,5,47192,41528,12,1,7,5
215,216,5,5,15,4,78227,68839,12,0,0,18
216,217,0,5,42,16,56323,49564,12,1,1,11
217,218,2,5,32,12,86114,69752,19,0,0,19
218,219,4,5,11,3,33668,27271,19,0,0,35
219,220,2,3,31,9,86114,81808,5,0,0,27
220,221,3,7,23,6,47192,39169,17,1,4,8
221,222,2,7,39,15,86114,75780,12,0,0,20
222,223,0,7,45,18,56323,53506,5,0,0,28
223,224,5,6,23,6,78227,63363,19,0,0,29
224,225,3,6,45,18,47192,44832,5,1,8,4
225,226,4,3,10,3,33668,31984,5,1,9,3
226,227,4,4,35,10,33668,25924,23,0,0,24
227,228,0,10,42,16,56323,43368,23,0,0,23
228,229,3,3,11,3,47192,36337,23,1,0,12
229,230,1,4,49,19,89528,85051,5,1,1,11
230,231,2,4,39,15,86114,75780,12,0,0,22
231,232,5,1,22,6,78227,63363,19,0,0,22
232,233,5,1,18,5,78227,60234,23,0,0,24
233,234,3,4,33,9,47192,36337,23,1,5,7
234,235,3,1,29,8,47192,39169,17,1,0,12
235,236,4,1,5,1,33668,31984,5,1,5,7
236,237,2,10,51,20,86114,69752,19,0,0,36
237,238,3,3,13,3,47192,39169,17,0,0,16
238,239,4,3,2,0,33668,27944,17,1,9,3
239,240,4,4,20,6,33668,31984,5,0,0,19
240,241,3,3,18,5,47192,39169,17,0,0,37
241,242,0,3,57,22,56323,46748,17,0,0,39
242,243,0,3,57,22,56323,53506,5,0,0,26
243,244,0,10,42,16,56323,45621,19,0,0,35
244,245,5,5,13,3,78227,60234,23,0,0,21
245,246,4,8,22,6,33668,27944,17,0,0,27
246,247,2,8,48,19,86114,66307,23,0,0,19
247,248,0,10,49,19,56323,43368,23,1,11,1
248,249,2,10,49,19,86114,71474,17,0,0,26
249,250,2,4,50,20,86114,66307,23,1,11,1
250,251,2,4,30,12,86114,69752,19,0,0,21
251,252,3,6,54,21,47192,39169,17,0,0,31
252,253,3,3,16,4,47192,44832,5,1,11,1
253,254,0,3,36,14,56323,53506,5,1,8,4
254,255,4,5,23,6,33668,27944,17,0,0,14
255,256,3,3,22,6,47192,39169,17,0,0,17
256,257,1,7,41,16,89528,74308,17,0,0,16
257,258,3,7,18,5,47192,38225,19,1,6,6
258,259,1,6,56,22,89528,78784,12,0,0,28
259,260,3,6,30,9,47192,38225,19,0,0,33
260,261,1,4,50,20,89528,74308,17,1,11,1
261,262,5,1,18,5,78227,64928,17,1,0,12
262,263,2,4,11,3,86114,69752,19,0,0,19
263,264,2,4,51,20,86114,71474,17,1,2,10
264,265,3,5,24,7,47192,38225,19,1,6,6
265,266,3,3,16,4,47192,44832,5,1,10,2
266,267,4,6,20,6,33668,29627,12,0,0,22
267,268,3,9,40,16,47192,36337,23,1,3,9
268,269,3,6,49,19,47192,36337,23,0,0,25
269,270,3,4,60,24,47192,39169,17,0,0,25
270,271,4,7,37,11,33668,27944,17,1,11,1
271,272,3,8,14,4,47192,41528,12,1,8,4
272,273,4,4,36,10,33668,29627,12,1,10,2
273,274,2,4,25,7,86114,71474,17,1,7,5
274,275,3,7,25,7,47192,44832,5,0,0,39
275,276,1,9,54,21,89528,72517,19,0,0,28
276,277,5,3,15,4,78227,60234,23,1,1,11
277,278,3,5,24,7,47192,41528,12,1,3,9
278,279,5,5,20,6,78227,60234,23,1,8,4
279,280,2,5,58,23,86114,69752,19,1,9,3
280,281,3,3,23,6,47192,36337,23,0,0,22
281,282,3,4,34,10,47192,36337,23,1,7,5
282,283,4,5,2,0,33668,27944,17,0,0,23
283,284,5,5,9,2,78227,68839,12,0,0,16
284,285,5,6,7,2,78227,74315,5,1,3,9
285,286,2,4,40,12,86114,71474,17,0,0,38
286,287,2,8,39,11,86114,66307,23,0,0,19
287,288,3,7,25,7,47192,41528,12,1,0,12
288,289,3,1,23,6,47192,41528,12,0,0,13
289,290,0,1,33,13,56323,45621,19,1,0,12
290,291,1,1,50,20,89528,68936,23,0,0,22
291,292,0,6,60,24,56323,49564,12,1,9,3
292,293,2,6,48,19,86114,66307,23,0,0,19
293,294,2,6,12,3,86114,71474,17,0,0,29
294,295,4,6,30,9,33668,27944,17,0,0,35
295,296,3,4,54,21,47192,39169,17,1,0,12
296,297,0,4,35,14,56323,49564,12,1,12,0
297,298,3,6,26,7,47192,41528,12,1,6,6
298,299,5,3,12,3,78227,68839,12,1,5,7
299,300,5,3,25,7,78227,63363,19,0,0,14
300,301,1,3,53,21,89528,74308,17,0,0,28
301,302,3,4,20,6,47192,44832,5,0,0,16
302,303,4,3,17,5,33668,31984,5,1,8,4
303,304,4,4,36,10,33668,31984,5,1,5,7
304,305,2,3,35,10,86114,66307,23,1,9,3
305,306,3,1,14,4,47192,36337,23,1,10,2
306,307,3,1,20,6,47192,44832,5,0,0,13
307,308,2,1,27,10,86114,66307,23,1,3,9
308,309,2,1,43,17,86114,81808,5,1,2,10
309,310,4,3,28,8,33668,29627,12,1,11,1
310,311,1,3,49,19,89528,72517,19,1,10,2
311,312,3,3,30,9,47192,41528,12,0,0,37
312,313,0,4,52,20,56323,43368,23,0,0,17
313,314,4,6,22,6,33668,31984,5,0,0,37
314,315,4,5,26,7,33668,29627,12,0,0,39
315,316,2,5,36,14,86114,71474,17,0,0,29
316,317,4,6,20,6,33668,31984,5,1,8,4
317,318,3,6,50,20,47192,44832,5,1,5,7
318,319,2,8,23,6,86114,81808,5,0,0,34
319,320,3,5,19,5,47192,41528,12,0,0,36
320,321,2,8,11,3,86114,69752,19,0,0,27
321,322,1,8,40,16,89528,68936,23,1,2,10
322,323,3,4,46,18,47192,44832,5,1,7,5
323,324,0,10,53,21,56323,49564,12,1,4,8
324,325,3,8,18,5,47192,44832,5,0,0,27
325,326,4,5,1,0,33668,25924,23,1,9,3
326,327,2,5,57,22,86114,69752,19,1,9,3
327,328,4,7,19,5,33668,27271,19,0,0,39
328,329,3,8,39,11,47192,36337,23,1,8,4
329,330,4,5,10,3,33668,25924,23,0,0,21
330,331,0,5,55,22,56323,46748,17,1,10,2
331,332,3,5,18,5,47192,39169,17,0,0,26
332,333,0,10,40,16,56323,46748,17,1,11,1
333,334,5,1,30,9,78227,68839,12,0,0,38
334,335,0,1,31,12,56323,53506,5,0,0,33
335,336,3,6,26,7,47192,36337,23,1,11,1
336,337,1,10,50,20,89528,78784,12,0,0,39
337,338,5,1,24,7,78227,74315,5,0,0,17
338,339,4,6,29,8,33668,31984,5,0,0,22
339,340,5,3,4,1,78227,60234,23,1,5,7
340,341,2,3,32,9,86114,66307,23,0,0,20
341,342,3,7,33,9,47192,41528,12,0,0,29
342,343,0,7,40,16,56323,45621,19,1,7,5
343,344,1,4,45,18,89528,72517,19,1,10,2
344,345,4,5,8,2,33668,27944,17,1,10,2
345,346,4,3,10,3,33668,29627,12,1,3,9
346,347,3,6,29,8,47192,44832,5,1,4,8
347,348,1,6,56,22,89528,74308,17,1,9,3
348,349,5,6,9,2,78227,60234,23,1,0,12
349,350,4,3,34,10,33668,27944,17,0,0,26
350,351,3,3,37,11,47192,44832,5,0,0,15
351,352,3,6,25,7,47192,36337,23,1,12,0
352,353,4,3,29,8,33668,29627,12,1,8,4
353,354,3,1,17,5,47192,39169,17,1,9,3
354,355,0,1,59,23,56323,49564,12,1,7,5
355,356,3,5,24,7,47192,36337,23,1,12,0
356,357,2,4,24,7,86114,71474,17,1,5,7
357,358,3,9,50,20,47192,36337,23,0,0,36
358,359,5,1,11,3,78227,63363,19,1,4,8
359,360,2,1,55,22,86114,81808,5,0,0,22
360,361,4,8,18,5,33668,29627,12,0,0,30
361,362,0,8,45,18,56323,49564,12,0,0,32
362,363,4,5,15,4,33668,31984,5,0,0,17
363,364,2,8,24,7,86114,75780,12,1,2,10
364,365,2,8,29,11,86114,75780,12,0,0,19
365,366,2,4,44,17,86114,81808,5,1,0,12
366,367,4,6,20,6,33668,29627,12,0,0,34
367,368,3,6,5,1,47192,41528,12,1,11,1
368,369,3,6,49,19,47192,44832,5,0,0,21
369,370,2,9,48,19,86114,66307,23,0,0,34
370,371,1,9,26,10,89528,72517,19,1,5,7
371,372,4,6,15,4,33668,31984,5,1,7,5
372,373,3,6,44,17,47192,38225,19,0,0,24
373,374,5,3,9,2,78227,68839,12,1,11,1
374,375,3,3,13,3,47192,36337,23,0,0,22
375,376,4,6,14,4,33668,27271,19,0,0,35
376,377,2,10,43,17,86114,69752,19,0,0,29
377,378,4,6,30,9,33668,31984,5,1,11,1
378,379,4,1,12,3,33668,27944,17,0,0,14
379,380,3,3,22,6,47192,36337,23,0,0,28
380,381,3,1,12,3,47192,39169,17,1,3,9
381,382,0,1,40,16,56323,53506,5,1,8,4
382,383,1,1,29,11,89528,78784,12,0,0,35
383,384,3,8,32,9,47192,41528,12,0,0,29
384,385,5,5,10,3,78227,68839,12,1,10,2
385,386,2,5,44,17,86114,75780,12,0,0,18
386,387,3,6,27,8,47192,41528,12,0,0,23
387,388,0,6,42,16,56323,43368,23,1,3,9
388,389,2,3,36,10,86114,66307,23,0,0,16
389,390,5,1,26,7,78227,68839,12,1,6,6
390,391,0,1,51,20,56323,43368,23,0,0,22
391,392,1,1,43,17,89528,74308,17,1,7,5
392,393,1,1,49,19,89528,72517,19,1,2,10
393,394,5,6,8,2,78227,64928,17,0,0,27
394,395,4,5,28,8,33668,27944,17,0,0,16
395,396,4,8,15,4,33668,27944,17,0,0,20
396,397,5,5,1,0,78227,63363,19,0,0,34
397,398,5,6,1,0,78227,68839,12,1,10,2
398,399,4,1,25,7,33668,25924,23,0,0,30
399,400,1,1,25,10,89528,72517,19,1,4,8
400,401,3,7,54,21,47192,41528,12,1,5,7
401,402,3,9,49,19,47192,36337,23,1,3,9
402,403,4,7,32,9,33668,27271,19,1,2,10
403,404,2,6,31,9,86114,71474,17,0,0,28
404,405,2,10,56,22,86114,71474,17,0,0,27
405,406,5,6,30,9,78227,60234,23,1,6,6
406,407,5,3,15,4,78227,60234,23,1,6,6
407,408,5,6,19,5,78227,68839,12,1,5,7
408,409,1,9,40,16,89528,68936,23,0,0,38
409,410,0,7,42,16,56323,49564,12,0,0,13
410,411,4,8,13,3,33668,29627,12,1,6,6
411,412,5,6,17,5,78227,63363,19,0,0,31
412,413,0,10,60,24,56323,43368,23,1,8,4
413,414,0,10,58,23,56323,43368,23,1,9,3
414,415,3,6,54,21,47192,38225,19,1,8,4
415,416,2,7,21,6,86114,75780,12,0,0,36
416,417,3,6,24,7,47192,39169,17,1,10,2
417,418,4,3,24,7,33668,25924,23,1,9,3
418,419,0,10,48,19,56323,43368,23,1,9,3
419,420,5,5,29,8,78227,63363,19,0,0,19
420,421,2,8,21,6,86114,69752,19,0,0,35
421,422,4,6,11,3,33668,27271,19,0,0,15
422,423,3,1,4,1,47192,36337,23,0,0,24
423,424,5,6,5,1,78227,63363,19,1,0,12
424,425,3,6,18,5,47192,39169,17,0,0,13
425,426,4,6,27,8,33668,31984,5,1,1,11
426,427,4,8,39,11,33668,25924,23,1,11,1
427,428,4,1,5,1,33668,31984,5,1,2,10
428,429,4,6,37,11,33668,25924,23,0,0,26
429,430,3,8,22,6,47192,41528,12,0,0,17
430,431,4,6,14,4,33668,31984,5,0,0,38
431,432,4,6,4,1,33668,27271,19,0,0,35
432,433,3,4,38,11,47192,44832,5,1,1,11
433,434,4,7,27,8,33668,25924,23,0,0,37
434,435,2,8,31,9,86114,71474,17,1,4,8
435,436,3,5,5,1,47192,41528,12,1,1,11
436,437,1,4,40,16,89528,74308,17,0,0,13
437,438,5,1,28,8,78227,60234,23,1,8,4
438,439,1,1,48,19,89528,68936,23,0,0,37
439,440,2,4,46,18,86114,69752,19,1,5,7
440,441,2,7,14,4,86114,71474,17,0,0,39
441,442,2,7,20,6,86114,66307,23,0,0,30
442,443,5,6,17,5,78227,60234,23,1,10,2
443,444,1,6,30,12,89528,78784,12,0,0,22
444,445,5,1,1,0,78227,68839,12,1,10,2
445,446,1,4,44,17,89528,72517,19,1,7,5
446,447,4,5,18,5,33668,29627,12,1,6,6
447,448,0,4,52,20,56323,45621,19,0,0,31
448,449,3,6,52,20,47192,36337,23,1,9,3
449,450,0,6,42,16,56323,46748,17,0,0,27
450,451,4,6,4,1,33668,29627,12,1,5,7
451,452,4,3,8,2,33668,29627,12,1,5,7
452,453,5,5,5,1,78227,64928,17,1,9,3
453,454,4,8,12,3,33668,31984,5,1,7,5
454,455,4,4,15,4,33668,31984,5,0,0,35
455,456,5,3,7,2,78227,64928,17,1,0,12
456,457,1,3,58,23,89528,78784,12,1,10,2
457,458,1,3,38,15,89528,78784,12,0,0,38
458,459,3,7,38,11,47192,38225,19,1,1,11
459,460,4,6,3,0,33668,27944,17,1,10,2
460,461,4,6,10,3,33668,31984,5,1,6,6
461,462,4,7,40,12,33668,27944,17,1,7,5
462,463,3,3,32,9,47192,38225,19,0,0,25
463,464,3,7,58,23,47192,44832,5,1,10,2
464,465,1,6,47,18,89528,72517,19,1,7,5
465,466,2,8,33,9,86114,66307,23,0,0,13
466,467,5,1,13,3,78227,63363,19,1,4,8
467,468,3,6,29,8,47192,39169,17,1,12,0
468,469,3,6,27,8,47192,36337,23,0,0,34
469,470,4,6,16,4,33668,27944,17,0,0,32
470,471,0,6,33,13,56323,49564,12,0,0,20
471,472,3,3,30,9,47192,39169,17,1,1,11
472,473,0,9,44,17,56323,53506,5,0,0,30
473,474,2,10,47,18,86114,66307,23,0,0,17
474,475,4,5,1,0,33668,27271,19,0,0,28
475,476,1,5,46,18,89528,78784,12,1,4,8
476,477,3,3,22,6,47192,39169,17,1,6,6
477,478,4,6,17,5,33668,29627,12,1,2,10
478,479,4,7,10,3,33668,27944,17,0,0,15
479,480,2,8,10,3,86114,75780,12,1,4,8
480,481,3,4,17,5,47192,38225,19,1,0,12
481,482,2,4,56,22,86114,66307,23,0,0,19
482,483,2,6,40,16,86114,81808,5,1,3,9
483,484,1,9,56,22,89528,72517,19,0,0,23
484,485,3,1,11,3,47192,36337,23,1,7,5
485,486,3,4,59,23,47192,41528,12,0,0,34
486,487,2,4,12,3,86114,75780,12,0,0,18
487,488,1,6,58,23,89528,78784,12,1,7,5
488,489,5,1,10,3,78227,64928,17,1,11,1
489,490,2,4,22,6,86114,75780,12,0,0,30
490,491,2,7,25,7,86114,81808,5,0,0,28
491,492,4,1,17,5,33668,27944,17,0,0,30
492,493,2,1,49,19,86114,81808,5,0,0,24
493,494,1,9,46,18,89528,78784,12,0,0,22
494,495,5,5,19,5,78227,74315,5,0,0,14
495,496,4,5,22,6,33668,31984,5,0,0,34
496,497,1,7,45,18,89528,72517,19,1,8,4
497,498,0,7,31,12,56323,45621,19,0,0,38
498,499,0,7,30,12,56323,45621,19,1,10,2
499,500,2,7,58,23,86114,66307,23,1,4,8
500,501,3,3,18,5,47192,41528,12,1,0,12
501,502,4,4,17,5,33668,27944,17,1,5,7
502,503,4,1,2,0,33668,27944,17,1,6,6
503,504,1,4,40,16,89528,74308,17,0,0,13
504,505,2,8,14,4,86114,81808,5,0,0,31
505,506,3,7,49,19,47192,36337,23,1,0,12
506,507,2,4,50,20,86114,75780,12,0,0,31
507,508,4,7,38,11,33668,31984,5,0,0,26
508,509,3,5,1,0,47192,41528,12,0,0,25
509,510,2,5,49,19,86114,81808,5,1,9,3
510,511,4,6,24,7,33668,29627,12,0,0,35
511,512,3,4,19,5,47192,41528,12,1,3,9
512,513,2,4,53,21,86114,71474,17,0,0,13
513,514,4,6,27,8,33668,31984,5,0,0,35
514,515,4,6,24,7,33668,25924,23,0,0,25
515,516,4,6,12,3,33668,29627,12,0,0,36
516,517,4,6,17,5,33668,25924,23,1,8,4
517,518,3,1,27,8,47192,39169,17,0,0,28
518,519,4,1,19,5,33668,27944,17,1,9,3
519,520,1,6,40,16,89528,74308,17,1,3,9
520,521,2,7,58,23,86114,75780,12,1,1,11
521,522,3,6,23,6,47192,41528,12,0,0,15
522,523,0,10,44,17,56323,53506,5,1,6,6
523,524,4,4,16,4,33668,27944,17,0,0,26
524,525,4,4,22,6,33668,27944,17,1,10,2
525,526,2,4,53,21,86114,66307,23,0,0,28
526,527,0,4,28,11,56323,45621,19,0,0,38
527,528,5,1,27,8,78227,74315,5,0,0,22
528,529,5,6,3,0,78227,64928,17,0,0,31
529,530,0,6,53,21,56323,45621,19,0,0,13
530,531,3,5,7,2,47192,36337,23,1,7,5
531,532,0,5,26,10,56323,53506,5,0,0,39
532,533,0,4,52,20,56323,46748,17,0,0,26
533,534,3,3,20,6,47192,39169,17,0,0,24
534,535,0,4,52,20,56323,45621,19,0,0,21
535,536,3,6,12,3,47192,38225,19,1,0,12
536,537,5,3,9,2,78227,63363,19,0,0,32
537,538,2,4,52,20,86114,71474,17,1,11,1
538,539,1,4,31,12,89528,74308,17,0,0,24
539,540,4,5,8,2,33668,27944,17,0,0,16
540,541,0,5,32,12,56323,53506,5,1,2,10
541,542,3,6,24,7,47192,36337,23,1,11,1
542,543,3,9,58,23,47192,36337,23,1,12,0
543,544,1,6,59,23,89528,78784,12,1,4,8
544,545,0,10,52,20,56323,49564,12,0,0,18
545,546,1,10,58,23,89528,74308,17,0,0,38
546,547,0,10,33,13,56323,43368,23,0,0,16
547,548,2,6,35,10,86114,81808,5,0,0,33
548,549,2,6,12,3,86114,71474,17,1,11,1
549,550,3,1,2,0,47192,38225,19,1,0,12
550,551,2,4,55,22,86114,66307,23,1,1,11
551,552,2,4,14,4,86114,75780,12,0,0,17
552,553,4,3,22,6,33668,27271,19,1,2,10
553,554,4,6,15,4,33668,31984,5,1,6,6
554,555,3,7,23,6,47192,39169,17,1,3,9
555,556,1,7,52,20,89528,72517,19,0,0,24
556,557,3,5,28,8,47192,39169,17,0,0,35
557,558,4,4,38,11,33668,27271,19,1,4,8
558,559,1,6,49,19,89528,68936,23,1,11,1
559,560,2,3,14,4,86114,75780,12,0,0,27
560,561,4,7,11,3,33668,25924,23,1,10,2
561,562,5,3,4,1,78227,74315,5,0,0,27
562,563,1,3,39,15,89528,68936,23,1,4,8
563,564,4,6,14,4,33668,25924,23,0,0,35
564,565,1,6,53,21,89528,74308,17,1,10,2
565,566,1,6,57,22,89528,85051,5,0,0,31
566,567,2,6,49,19,86114,66307,23,0,0,28
567,568,4,4,24,7,33668,27944,17,1,3,9
568,569,1,4,56,22,89528,85051,5,1,9,3
569,570,5,6,8,2,78227,63363,19,0,0,28
570,571,3,3,19,5,47192,39169,17,1,10,2
571,572,1,3,47,18,89528,74308,17,0,0,31
572,573,0,9,60,24,56323,45621,19,0,0,28
573,574,3,6,16,4,47192,44832,5,0,0,39
574,575,5,5,10,3,78227,64928,17,1,12,0
575,576,0,7,42,16,56323,45621,19,1,8,4
576,577,1,4,57,22,89528,74308,17,0,0,14
577,578,2,8,10,3,86114,69752,19,1,0,12
578,579,0,8,25,10,56323,53506,5,0,0,16
579,580,0,8,25,10,56323,53506,5,1,6,6
580,581,2,8,54,21,86114,71474,17,1,3,9
581,582,1,10,49,19,89528,78784,12,1,4,8
582,583,5,6,11,3,78227,68839,12,1,3,9
583,584,3,5,22,6,47192,41528,12,0,0,36
584,585,4,1,15,4,33668,27271,19,1,8,4
585,586,3,1,10,3,47192,41528,12,0,0,38
586,587,4,5,19,5,33668,31984,5,1,11,1
587,588,4,6,2,0,33668,29627,12,0,0,26
588,589,0,4,41,16,56323,45621,19,0,0,21
589,590,0,4,42,16,56323,43368,23,0,0,24
590,591,1,7,60,24,89528,68936,23,0,0,15
591,592,3,3,12,3,47192,36337,23,0,0,18
592,593,0,7,53,21,56323,46748,17,0,0,21
593,594,0,7,29,11,56323,45621,19,0,0,33
594,595,2,8,33,9,86114,71474,17,1,7,5
595,596,5,1,19,5,78227,60234,23,1,12,0
596,597,4,4,23,6,33668,27944,17,1,8,4
597,598,2,4,12,3,86114,75780,12,0,0,17
598,599,3,6,12,3,47192,41528,12,0,0,19
599,600,4,6,13,3,33668,31984,5,1,4,8
600,601,2,6,19,5,86114,71474,17,1,5,7
601,602,5,3,22,6,78227,64928,17,1,8,4
602,603,1,3,38,15,89528,68936,23,1,12,0
603,604,2,3,42,16,86114,66307,23,1,9,3
604,605,0,9,40,16,56323,43368,23,0,0,15
605,606,3,6,12,3,47192,41528,12,1,5,7
606,607,5,1,25,7,78227,68839,12,0,0,28
607,608,2,1,54,21,86114,75780,12,0,0,39
608,609,4,8,40,12,33668,31984,5,1,12,0
609,610,4,8,34,10,33668,31984,5,0,0,28
610,611,3,3,8,2,47192,44832,5,1,9,3
611,612,3,6,17,5,47192,38225,19,0,0,30
612,613,1,6,48,19,89528,68936,23,1,10,2
613,614,4,6,28,8,33668,27944,17,1,8,4
614,615,2,6,37,14,86114,69752,19,1,11,1
615,616,2,6,36,14,86114,69752,19,1,4,8
616,617,2,7,40,16,86114,66307,23,1,5,7
617,618,2,7,30,12,86114,69752,19,1,6,6
618,619,3,8,38,11,47192,41528,12,0,0,38
619,620,3,6,44,17,47192,44832,5,1,9,3
620,621,3,6,57,22,47192,36337,23,1,4,8
621,622,2,6,38,15,86114,81808,5,1,12,0
622,623,5,1,28,8,78227,60234,23,1,10,2
623,624,4,7,36,10,33668,31984,5,1,4,8
624,625,2,7,35,10,86114,69752,19,0,0,18
625,626,2,7,30,9,86114,66307,23,1,8,4
626,627,3,1,27,8,47192,44832,5,0,0,17
627,628,2,1,59,23,86114,81808,5,1,11,1
628,629,5,1,23,6,78227,63363,19,1,5,7
629,630,3,6,5,1,47192,36337,23,1,10,2
630,631,2,6,36,10,86114,81808,5,1,4,8
631,632,2,4,34,10,86114,69752,19,1,1,11
632,633,2,6,49,19,86114,69752,19,0,0,27
633,634,2,6,25,10,86114,71474,17,1,11,1
634,635,4,6,14,4,33668,27944,17,0,0,34
635,636,3,6,7,2,47192,36337,23,1,3,9
636,637,5,5,27,8,78227,74315,5,0,0,21
637,638,3,6,38,11,47192,44832,5,0,0,21
638,639,3,1,6,1,47192,44832,5,0,0,15
639,640,4,6,16,4,33668,25924,23,0,0,39
640,641,5,5,2,0,78227,60234,23,0,0,22
641,642,3,7,29,8,47192,39169,17,1,5,7
642,643,3,6,24,7,47192,41528,12,0,0,36
643,644,2,7,41,16,86114,71474,17,0,0,30
644,645,2,6,54,21,86114,81808,5,0,0,17
645,646,5,6,11,3,78227,74315,5,1,0,12
646,647,3,6,42,16,47192,44832,5,0,0,19
647,648,0,6,49,19,56323,43368,23,1,8,4
648,649,4,5,24,7,33668,27944,17,0,0,39
649,650,0,5,36,14,56323,53506,5,1,2,10
650,651,1,5,30,12,89528,68936,23,0,0,15
651,652,3,6,1,0,47192,44832,5,1,3,9
652,653,5,1,19,5,78227,68839,12,1,7,5
653,654,3,1,4,1,47192,44832,5,1,4,8
654,655,2,1,37,14,86114,81808,5,1,1,11
655,656,3,1,10,3,47192,38225,19,0,0,27
656,657,2,7,15,4,86114,71474,17,1,7,5
657,658,4,8,37,11,33668,29627,12,1,0,12
658,659,5,5,15,4,78227,68839,12,0,0,26
659,660,1,5,58,23,89528,74308,17,1,8,4
660,661,4,3,1,0,33668,25924,23,0,0,25
661,662,5,6,6,1,78227,63363,19,1,7,5
662,663,2,4,22,6,86114,75780,12,1,5,7
663,664,4,3,23,6,33668,29627,12,1,5,7
664,665,4,5,19,5,33668,25924,23,1,11,1
665,666,0,9,49,19,56323,53506,5,0,0,34
666,667,3,4,21,6,47192,36337,23,1,4,8
667,668,1,4,48,19,89528,74308,17,0,0,23
668,669,2,8,25,7,86114,75780,12,0,0,39
669,670,2,7,28,8,86114,69752,19,0,0,35
670,671,3,8,10,3,47192,38225,19,1,6,6
671,672,2,4,45,18,86114,66307,23,0,0,20
672,673,4,8,12,3,33668,25924,23,0,0,30
673,674,1,8,29,11,89528,74308,17,1,1,11
674,675,5,3,29,8,78227,64928,17,1,9,3
675,676,2,6,19,5,86114,75780,12,1,12,0
676,677,1,6,50,20,89528,78784,12,0,0,35
677,678,4,7,13,3,33668,29627,12,0,0,14
678,679,2,7,50,20,86114,75780,12,1,8,4
679,680,2,6,57,22,86114,69752,19,1,12,0
680,681,3,6,13,3,47192,39169,17,0,0,17
681,682,3,3,6,1,47192,36337,23,0,0,39
682,683,4,3,20,6,33668,29627,12,0,0,24
683,684,3,4,47,18,47192,36337,23,0,0,39
684,685,4,1,25,7,33668,27944,17,0,0,17
685,686,3,3,4,1,47192,44832,5,0,0,18
686,687,0,6,54,21,56323,53506,5,0,0,19
687,688,4,3,9,2,33668,27271,19,0,0,31
688,689,2,4,36,10,86114,81808,5,1,0,12
689,690,2,4,53,21,86114,75780,12,0,0,23
690,691,1,4,47,18,89528,74308,17,1,3,9
691,692,3,6,8,2,47192,38225,19,1,11,1
692,693,0,6,59,23,56323,53506,5,1,4,8
693,694,3,4,60,24,47192,36337,23,0,0,17
694,695,2,4,33,13,86114,69752,19,1,2,10
695,696,2,4,27,10,86114,66307,23,0,0,25
696,697,0,7,55,22,56323,43368,23,0,0,20
697,698,1,7,46,18,89528,74308,17,0,0,31
698,699,3,7,57,22,47192,39169,17,1,7,5
699,700,3,3,21,6,47192,36337,23,0,0,14
700,701,0,3,46,18,56323,53506,5,1,0,12
701,702,3,10,44,17,47192,39169,17,1,1,11
702,703,3,4,27,8,47192,44832,5,0,0,14
703,704,4,3,25,7,33668,31984,5,1,9,3
704,705,3,8,27,8,47192,41528,12,1,12,0
705,706,3,5,27,8,47192,38225,19,1,10,2
706,707,5,1,16,4,78227,74315,5,1,5,7
707,708,5,5,17,5,78227,68839,12,1,4,8
708,709,2,5,60,24,86114,66307,23,0,0,33
709,710,5,3,6,1,78227,63363,19,0,0,23
710,711,1,3,28,11,89528,78784,12,0,0,29
711,712,5,3,29,8,78227,74315,5,1,9,3
712,713,1,9,52,20,89528,78784,12,1,0,12
713,714,3,8,13,3,47192,36337,23,1,10,2
714,715,5,5,28,8,78227,64928,17,1,7,5
715,716,2,5,40,16,86114,81808,5,1,5,7
716,717,3,7,36,10,47192,36337,23,1,6,6
717,718,5,3,11,3,78227,68839,12,0,0,25
718,719,5,3,12,3,78227,68839,12,1,10,2
719,720,2,3,60,24,86114,66307,23,0,0,23
720,721,2,7,53,21,86114,75780,12,1,2,10
721,722,4,1,18,5,33668,29627,12,0,0,39
722,723,0,1,31,12,56323,45621,19,1,12,0
723,724,1,1,30,12,89528,72517,19,1,11,1
724,725,2,7,15,4,86114,71474,17,1,5,7
725,726,3,5,23,6,47192,38225,19,0,0,30
726,727,2,9,53,21,86114,75780,12,0,0,38
727,728,4,5,14,4,33668,31984,5,0,0,36
728,729,3,5,8,2,47192,44832,5,0,0,17
729,730,0,5,38,15,56323,49564,12,0,0,39
730,731,5,3,17,5,78227,74315,5,1,7,5
731,732,3,6,2,0,47192,39169,17,0,0,38
732,733,2,3,22,6,86114,69752,19,0,0,35
733,734,4,6,18,5,33668,25924,23,0,0,29
734,735,1,6,29,11,89528,85051,5,1,4,8
735,736,4,4,29,8,33668,27944,17,0,0,22
736,737,3,6,20,6,47192,41528,12,0,0,19
737,738,4,3,16,4,33668,29627,12,1,5,7
738,739,3,9,44,17,47192,36337,23,0,0,34
739,740,3,10,52,20,47192,44832,5,1,9,3
740,741,2,10,44,17,86114,81808,5,1,12,0
741,742,2,10,53,21,86114,81808,5,0,0,34
742,743,4,6,18,5,33668,27271,19,1,0,12
743,744,1,6,45,18,89528,72517,19,0,0,13
744,745,2,6,50,20,86114,75780,12,0,0,28
745,746,3,5,15,4,47192,38225,19,0,0,19
746,747,4,6,10,3,33668,31984,5,0,0,35
747,748,2,6,42,16,86114,71474,17,0,0,38
748,749,1,10,48,19,89528,72517,19,1,8,4
749,750,2,10,48,19,86114,75780,12,0,0,35
750,751,2,7,39,11,86114,66307,23,1,2,10
751,752,4,5,23,6,33668,29627,12,0,0,25
752,753,2,9,57,22,86114,66307,23,1,11,1
753,754,3,10,60,24,47192,38225,19,0,0,36
754,755,5,3,15,4,78227,63363,19,0,0,13
755,756,0,3,60,24,56323,53506,5,0,0,25
756,757,5,3,23,6,78227,74315,5,1,3,9
757,758,2,4,19,5,86114,81808,5,0,0,28
758,759,1,9,58,23,89528,78784,12,1,10,2
759,760,4,1,22,6,33668,25924,23,1,6,6
760,761,1,1,28,11,89528,72517,19,1,0,12
761,762,4,3,24,7,33668,27944,17,0,0,16
762,763,5,1,29,8,78227,63363,19,1,3,9
763,764,4,3,15,4,33668,29627,12,1,10,2
764,765,5,3,5,1,78227,74315,5,1,8,4
765,766,4,1,30,9,33668,27271,19,1,11,1
766,767,2,4,13,3,86114,81808,5,0,0,17
767,768,0,10,49,19,56323,46748,17,1,5,7
768,769,0,7,47,18,56323,43368,23,0,0,31
769,770,1,7,51,20,89528,72517,19,1,3,9
770,771,2,7,37,14,86114,69752,19,1,1,11
771,772,1,7,59,23,89528,74308,17,1,0,12
772,773,2,7,44,17,86114,69752,19,1,1,11
773,774,2,7,40,16,86114,71474,17,1,0,12
774,775,4,6,35,10,33668,25924,23,1,12,0
775,776,2,6,41,16,86114,69752,19,0,0,14
776,777,5,5,24,7,78227,63363,19,1,11,1
777,778,5,3,13,3,78227,64928,17,0,0,33
778,779,1,9,58,23,89528,85051,5,0,0,24
779,780,3,9,55,22,47192,41528,12,1,11,1
780,781,2,9,55,22,86114,75780,12,0,0,26
781,782,4,7,38,11,33668,27271,19,1,2,10
782,783,2,7,46,18,86114,75780,12,1,9,3
783,784,1,7,25,10,89528,72517,19,1,10,2
784,785,3,3,23,6,47192,36337,23,0,0,20
785,786,3,7,35,10,47192,38225,19,1,7,5
786,787,2,7,32,12,86114,81808,5,0,0,31
787,788,3,5,19,5,47192,36337,23,0,0,30
788,789,3,6,7,2,47192,44832,5,1,0,12
789,790,4,3,12,3,33668,27271,19,0,0,36
790,791,3,5,11,3,47192,36337,23,0,0,34
791,792,1,5,57,22,89528,85051,5,1,9,3
792,793,2,8,36,10,86114,66307,23,0,0,16
793,794,3,4,51,20,47192,39169,17,1,9,3
794,795,2,4,39,15,86114,66307,23,1,9,3
795,796,1,9,40,16,89528,74308,17,1,10,2
796,797,3,3,10,3,47192,41528,12,1,8,4
797,798,1,10,59,23,89528,72517,19,0,0,14
798,799,2,3,21,6,86114,75780,12,0,0,35
799,800,2,7,10,3,86114,75780,12,0,0,22
800,801,2,7,51,20,86114,66307,23,1,2,10
801,802,0,7,28,11,56323,49564,12,0,0,38
802,803,4,1,8,2,33668,25924,23,0,0,25
803,804,1,7,58,23,89528,68936,23,0,0,31
804,805,2,7,38,11,86114,75780,12,1,6,6
805,806,4,6,23,6,33668,27944,17,0,0,35
806,807,4,4,23,6,33668,27271,19,0,0,25
807,808,5,6,3,0,78227,68839,12,1,9,3
808,809,2,9,60,24,86114,75780,12,0,0,23
809,810,1,9,59,23,89528,74308,17,0,0,31
810,811,2,7,47,18,86114,69752,19,0,0,29
811,812,2,7,43,17,86114,69752,19,1,3,9
812,813,2,7,60,24,86114,81808,5,0,0,15
813,814,3,6,12,3,47192,44832,5,1,7,5
814,815,4,3,22,6,33668,27271,19,0,0,37
815,816,2,3,36,14,86114,69752,19,1,1,11
816,817,3,6,18,5,47192,38225,19,0,0,38
817,818,3,4,46,18,47192,38225,19,1,0,12
818,819,1,4,54,21,89528,68936,23,1,5,7
819,820,3,3,14,4,47192,39169,17,1,11,1
820,821,4,5,16,4,33668,29627,12,1,11,1
821,822,2,9,55,22,86114,75780,12,1,3,9
822,823,3,1,29,8,47192,39169,17,1,4,8
823,824,3,8,30,9,47192,36337,23,1,6,6
824,825,0,4,55,22,56323,53506,5,1,7,5
825,826,1,4,39,15,89528,72517,19,0,0,34
826,827,3,5,9,2,47192,36337,23,0,0,27
827,828,1,5,55,22,89528,74308,17,1,9,3
828,829,4,6,20,6,33668,27944,17,0,0,17
829,830,0,6,45,18,56323,46748,17,0,0,21
830,831,5,5,5,1,78227,63363,19,1,1,11
831,832,4,6,23,6,33668,29627,12,1,9,3
832,833,1,6,42,16,89528,85051,5,0,0,26
833,834,1,6,35,14,89528,72517,19,1,8,4
834,835,3,5,20,6,47192,39169,17,0,0,21
835,836,1,10,41,16,89528,85051,5,1,7,5
836,837,3,10,43,17,47192,39169,17,1,3,9
837,838,5,1,6,1,78227,60234,23,1,7,5
838,839,5,6,24,7,78227,74315,5,1,7,5
839,840,3,6,49,19,47192,41528,12,0,0,32
840,841,0,6,28,11,56323,53506,5,1,12,0
841,842,4,6,31,9,33668,27944,17,0,0,21
842,843,2,8,32,9,86114,69752,19,1,4,8
843,844,4,5,4,1,33668,27271,19,1,3,9
844,845,3,10,50,20,47192,38225,19,1,0,12
845,846,4,3,10,3,33668,31984,5,0,0,17
846,847,0,3,53,21,56323,46748,17,1,3,9
847,848,0,3,29,11,56323,53506,5,1,3,9
848,849,3,6,19,5,47192,36337,23,0,0,27
849,850,1,6,33,13,89528,72517,19,1,4,8
850,851,4,5,12,3,33668,27944,17,1,2,10
851,852,4,4,17,5,33668,25924,23,0,0,34
852,853,4,7,36,10,33668,31984,5,1,8,4
853,854,3,1,24,7,47192,44832,5,0,0,21
854,855,5,1,11,3,78227,68839,12,1,10,2
855,856,5,5,14,4,78227,60234,23,1,11,1
856,857,3,3,20,6,47192,38225,19,1,4,8
857,858,3,1,26,7,47192,39169,17,1,10,2
858,859,5,3,8,2,78227,64928,17,1,3,9
859,860,0,3,38,15,56323,46748,17,0,0,17
860,861,4,7,30,9,33668,29627,12,1,1,11
861,862,2,7,58,23,86114,81808,5,0,0,38
862,863,0,7,54,21,56323,49564,12,0,0,35
863,864,4,7,17,5,33668,25924,23,0,0,37
864,865,4,8,38,11,33668,25924,23,0,0,36
865,866,5,6,3,0,78227,60234,23,1,1,11
866,867,4,1,1,0,33668,27271,19,1,11,1
867,868,2,1,31,12,86114,66307,23,1,10,2
868,869,1,9,50,20,89528,85051,5,0,0,35
869,870,2,9,29,11,86114,75780,12,1,6,6
870,871,0,9,26,10,56323,43368,23,0,0,24
871,872,4,5,7,2,33668,27271,19,1,9,3
872,873,0,9,55,22,56323,49564,12,1,2,10
873,874,1,9,43,17,89528,68936,23,1,10,2
874,875,4,3,34,10,33668,31984,5,1,3,9
875,876,2,9,51,20,86114,71474,17,0,0,22
876,877,4,6,26,7,33668,25924,23,1,4,8
877,878,4,3,12,3,33668,25924,23,1,9,3
878,879,5,1,12,3,78227,60234,23,1,6,6
879,880,1,4,41,16,89528,68936,23,1,9,3
880,881,3,1,7,2,47192,44832,5,0,0,18
881,882,4,3,26,7,33668,27271,19,1,10,2
882,883,5,3,3,0,78227,74315,5,0,0,35
883,884,5,6,7,2,78227,63363,19,1,11,1
884,885,0,6,55,22,56323,53506,5,1,1,11
885,886,3,1,12,3,47192,36337,23,1,2,10
886,887,3,4,43,17,47192,44832,5,1,2,10
887,888,1,9,44,17,89528,74308,17,1,1,11
888,889,2,9,31,12,86114,66307,23,0,0,24
889,890,2,6,12,3,86114,81808,5,1,2,10
890,891,2,9,59,23,86114,75780,12,1,3,9
891,892,4,6,28,8,33668,25924,23,1,7,5
892,893,2,6,37,14,86114,81808,5,0,0,24
893,894,3,1,21,6,47192,44832,5,1,12,0
894,895,2,4,35,10,86114,81808,5,1,11,1
895,896,3,6,26,7,47192,41528,12,1,3,9
896,897,2,6,29,11,86114,71474,17,0,0,28
897,898,0,7,58,23,56323,53506,5,0,0,31
898,899,3,5,4,1,47192,44832,5,0,0,24
899,900,5,5,11,3,78227,74315,5,0,0,17
900,901,2,3,40,12,86114,69752,19,1,7,5
901,902,1,3,31,12,89528,72517,19,1,2,10
902,903,1,4,55,22,89528,68936,23,0,0,35
903,904,3,1,30,9,47192,38225,19,0,0,14
904,905,2,1,39,15,86114,75780,12,0,0,15
905,906,1,1,50,20,89528,68936,23,1,4,8
906,907,2,4,58,23,86114,75780,12,0,0,38
907,908,3,4,30,9,47192,44832,5,1,0,12
908,909,5,6,7,2,78227,60234,23,0,0,27
909,910,2,4,41,16,86114,69752,19,1,8,4
910,911,3,4,19,5,47192,41528,12,1,11,1
911,912,3,7,14,4,47192,38225,19,1,1,11
912,913,4,8,38,11,33668,27944,17,1,6,6
913,914,4,6,40,12,33668,29627,12,1,11,1
914,915,3,7,51,20,47192,39169,17,0,0,34
915,916,0,6,49,19,56323,45621,19,1,10,2
916,917,3,3,6,1,47192,38225,19,1,4,8
917,918,3,7,30,9,47192,39169,17,1,2,10
918,919,5,3,17,5,78227,60234,23,0,0,32
919,920,2,3,51,20,86114,66307,23,0,0,38
920,921,2,3,53,21,86114,75780,12,0,0,32
921,922,2,3,25,10,86114,81808,5,0,0,30
922,923,2,3,29,8,86114,69752,19,1,10,2
923,924,3,3,28,8,47192,36337,23,0,0,33
924,925,0,6,49,19,56323,49564,12,0,0,32
925,926,3,1,30,9,47192,39169,17,0,0,14
926,927,3,1,18,5,47192,36337,23,0,0,17
927,928,2,7,33,9,86114,66307,23,1,10,2
928,929,4,3,7,2,33668,27271,19,1,4,8
929,930,4,6,17,5,33668,29627,12,1,4,8
930,931,4,6,4,1,33668,27271,19,1,8,4
931,932,3,6,43,17,47192,38225,19,0,0,39
932,933,3,5,2,0,47192,44832,5,0,0,31
933,934,2,5,48,19,86114,66307,23,1,7,5
934,935,3,7,26,7,47192,44832,5,0,0,20
935,936,3,6,34,10,47192,44832,5,1,0,12
936,937,0,4,53,21,56323,43368,23,1,1,11
937,938,0,10,46,18,56323,46748,17,0,0,24
938,939,2,4,37,11,86114,66307,23,0,0,26
939,940,4,3,11,3,33668,25924,23,1,0,12
940,941,2,7,16,4,86114,81808,5,0,0,17
941,942,3,6,19,5,47192,44832,5,0,0,18
942,943,1,9,55,22,89528,72517,19,1,6,6
943,944,3,3,4,1,47192,39169,17,1,10,2
944,945,3,8,29,8,47192,39169,17,1,12,0
945,946,0,8,49,19,56323,43368,23,1,1,11
946,947,3,5,9,2,47192,36337,23,0,0,20
947,948,4,6,11,3,33668,29627,12,0,0,34
948,949,2,6,29,11,86114,75780,12,0,0,36
949,950,5,3,13,3,78227,60234,23,1,2,10
950,951,4,3,26,7,33668,31984,5,0,0,30
951,952,4,5,4,1,33668,25924,23,1,3,9
952,953,1,10,45,18,89528,74308,17,0,0,17
953,954,2,3,39,11,86114,66307,23,0,0,39
954,955,3,3,12,3,47192,41528,12,1,1,11
955,956,4,1,9,2,33668,27944,17,1,0,12
956,957,2,6,35,10,86114,75780,12,0,0,31
957,958,0,6,28,11,56323,45621,19,0,0,36
958,959,2,6,50,20,86114,81808,5,0,0,27
959,960,0,6,57,22,56323,49564,12,0,0,38
960,961,0,7,52,20,56323,46748,17,1,4,8
961,962,2,9,59,23,86114,69752,19,1,1,11
962,963,2,9,48,19,86114,69752,19,0,0,27
963,964,2,7,24,7,86114,75780,12,0,0,21
964,965,3,3,13,3,47192,39169,17,1,2,10
965,966,3,6,4,1,47192,39169,17,1,2,10
966,967,2,10,48,19,86114,71474,17,1,1,11
967,968,2,7,36,10,86114,81808,5,1,10,2
968,969,2,7,51,20,86114,81808,5,1,10,2
969,970,2,8,35,10,86114,66307,23,0,0,36
970,971,3,7,36,10,47192,36337,23,1,2,10
971,972,0,7,41,16,56323,53506,5,1,3,9
972,973,4,6,24,7,33668,27271,19,1,4,8
973,974,3,3,27,8,47192,39169,17,0,0,16
974,975,5,3,25,7,78227,63363,19,1,2,10
975,976,1,4,57,22,89528,74308,17,0,0,28
976,977,5,5,15,4,78227,60234,23,1,8,4
977,978,4,5,10,3,33668,25924,23,0,0,17
978,979,2,8,21,6,86114,66307,23,0,0,30
979,980,5,6,7,2,78227,60234,23,0,0,18
980,981,2,7,17,5,86114,71474,17,1,0,12
981,982,3,1,19,5,47192,38225,19,1,8,4
982,983,1,1,44,17,89528,68936,23,1,9,3
983,984,3,1,22,6,47192,36337,23,1,9,3
984,985,3,6,17,5,47192,44832,5,0,0,21
985,986,0,6,42,16,56323,53506,5,1,6,6
986,987,4,3,29,8,33668,27944,17,1,0,12
987,988,2,3,55,22,86114,66307,23,1,6,6
988,989,3,8,16,4,47192,41528,12,1,10,2
989,990,3,6,10,3,47192,41528,12,0,0,37
990,991,0,7,55,22,56323,49564,12,0,0,31
991,992,4,6,28,8,33668,27944,17,0,0,14
992,993,4,3,38,11,33668,27271,19,1,4,8
993,994,2,10,60,24,86114,81808,5,0,0,35
994,995,4,8,29,8,33668,27944,17,0,0,33
995,996,2,8,48,19,86114,69752,19,0,0,32
996,997,3,9,50,20,47192,44832,5,1,8,4
997,998,5,1,28,8,78227,60234,23,1,10,2
998,999,4,1,8,2,33668,27944,17,1,12,0
999,1000,4,7,15,4,33668,27271,19,0,0,39
